{"cameraMode":{"drawMode":0,"name":"Shaded","section":"Shading Mode"},"sceneLighting":true,"audioPlay":false,"sceneViewState":{"m_AlwaysRefresh":false,"showFog":true,"showSkybox":true,"showFlares":true,"showImageEffects":true,"showParticleSystems":true,"showVisualEffectGraphs":true,"m_FxEnabled":true},"in2DMode":false,"pivot":{"x":3.5495331287384035,"y":7.54673433303833,"z":-21.596288681030275},"rotation":{"x":-0.733730137348175,"y":0.003463150467723608,"z":-0.0037400468718260528,"w":-0.6794221997261047},"size":5.606808662414551,"orthographic":false}